Wall time,Step,Value
1716223168.9473014,1200,-29.701053619384766
1716223252.395958,2400,-26.01264762878418
1716223308.3588686,3200,-27.23508071899414
1716223363.2444022,3800,-25.064424514770508
1716223446.14547,5000,-26.32602882385254
1716223626.4519475,7400,-25.756059646606445
1716223682.0837421,8200,-26.515518188476562
1716223709.6991699,8600,-29.503469467163086
1716223737.9377,9000,-29.826038360595703
1716223751.86859,9200,-27.054061889648438
1716223779.7421296,9600,-24.893512725830078
1716223875.4549308,10800,-29.627458572387695
1716223889.1426191,11000,-27.516202926635742
1716223902.98055,11200,-28.3903751373291
1716223916.879286,11400,-26.814285278320312
1716224055.1667037,13200,-28.602476119995117
1716224097.068,13800,-29.04033660888672
1716224138.9686253,14400,-27.52079200744629
1716224152.8203585,14600,-25.570945739746094
1716224166.6311536,14800,-30.426721572875977
1716224180.6795232,15000,-29.0902156829834
1716224250.5050833,16000,-28.617870330810547
1716224374.243333,17600,-29.1732120513916
1716224471.5588944,19000,-26.95098304748535
1716224595.038589,20600,-29.32393455505371
1716224637.4197178,21200,-26.38717269897461
1716224651.5157812,21400,-29.65126609802246
1716224761.7375317,22800,-28.20148468017578
1716224831.5881813,23800,-29.579792022705078
1716224943.4198754,25400,-26.777252197265625
1716224997.97506,26000,-28.518829345703125
1716225012.0355601,26200,-27.577674865722656
1716225138.3888469,28000,-29.3649959564209
1716225166.2608263,28400,-28.33106231689453
1716225180.1912603,28600,-30.956218719482422
1716225194.2616718,28800,-30.80353355407715
1716225305.4320576,30200,-27.987184524536133
1716225375.6685507,31200,-29.158464431762695
1716225403.8450747,31600,-25.617494583129883
1716225418.0965784,31800,-31.10854148864746
1716225486.4574323,32600,-28.04874610900879
1716225556.8377283,33600,-28.490768432617188
1716225571.096463,33800,-29.111412048339844
1716225612.75125,34400,-31.04581069946289
1716225709.0226243,35600,-30.086389541625977
1716225722.8459618,35800,-27.225008010864258
1716225750.902533,36200,-30.448640823364258
1716225793.1478002,36800,-31.819122314453125
1716225821.2382054,37200,-27.10305404663086
1716225835.3548987,37400,-27.85110092163086
1716225862.8799222,37800,-30.835596084594727
1716225891.120723,38200,-30.405412673950195
1716225904.9909241,38400,-29.594472885131836
1716226015.2666037,39800,-33.07605743408203
1716226127.2516568,41400,-29.981998443603516
1716226141.1151917,41600,-29.48134994506836
1716226167.7899828,41800,-28.38144302368164
1716226223.7439468,42600,-27.667503356933594
1716226363.9021378,44600,-30.41908073425293
1716226377.86483,44800,-31.84625244140625
1716226418.4193914,45200,-31.28853416442871
1716226473.9235678,46000,-31.717430114746094
1716226515.545688,46600,-30.312530517578125
1716226529.9324367,46800,-29.552696228027344
1716226543.7833755,47000,-29.837913513183594
1716226586.1714573,47600,-32.704017639160156
1716226766.070968,50000,-27.90235137939453
1716226849.6433396,51200,-31.575428009033203
1716226904.1470857,51800,-31.4962215423584
1716226931.8515906,52200,-28.205570220947266
1716226945.9462588,52400,-31.035358428955078
1716226974.2139673,52800,-31.86362075805664
1716227030.0033078,53600,-30.85049819946289
1716227086.2553613,54400,-28.5893611907959
1716227126.6518075,54800,-29.08000373840332
1716227196.4189146,55800,-30.182388305664062
1716227405.4044151,58600,-25.637672424316406
1716227475.1835861,59600,-29.896163940429688
1716227489.1443374,59800,-27.784360885620117
1716227545.1875713,60600,-29.45204734802246
1716227559.1951947,60800,-28.432537078857422
1716227627.4626813,61600,-29.837783813476562
1716227641.568311,61800,-29.960575103759766
1716227669.3917222,62200,-29.066377639770508
1716227711.2838976,62800,-28.091886520385742
1716227780.9140062,63800,-32.20671081542969
1716227794.7285504,64000,-31.88605499267578
1716227808.5497754,64200,-30.631805419921875
1716227891.1931548,65200,-34.829898834228516
1716227904.9692118,65400,-32.019187927246094
1716227919.0866554,65600,-33.40885543823242
1716227961.2427769,66200,-31.003742218017578
1716228099.4038174,68000,-30.938596725463867
1716228127.3484821,68400,-33.608158111572266
1716228211.1195657,69600,-29.81131935119629
1716228406.3425395,72200,-31.81696319580078
1716228447.96507,72800,-33.05104446411133
1716228503.975318,73600,-29.67908477783203
1716228572.5864186,74400,-29.292688369750977
1716228600.613129,74800,-31.70606803894043
1716228656.6233747,75600,-31.130895614624023
1716228670.7720828,75800,-29.39959716796875
1716228684.958425,76000,-31.940771102905273
1716228712.902908,76400,-29.836626052856445
1716228795.6809905,77400,-29.704374313354492
1716228865.541636,78400,-31.896486282348633
1716228879.5771928,78600,-29.986896514892578
1716229116.931039,81800,-30.290348052978516
1716229215.0567045,83200,-31.33144760131836
1716229310.9729,84400,-28.213951110839844
1716229325.0984535,84600,-31.929540634155273
1716229353.1191995,85000,-32.7801399230957
1716229437.84523,86200,-29.8386287689209
1716229575.5643892,88000,-28.788610458374023
1716229603.3638425,88400,-28.96445083618164
1716229617.2179966,88600,-32.02130126953125
1716229659.1398222,89200,-30.167360305786133
1716229756.239357,90400,-28.92961883544922
1716229867.7694206,92000,-31.352468490600586
1716229881.907065,92200,-31.7778377532959
1716229924.099697,92800,-31.557632446289062
1716229938.191,93000,-33.95685577392578
1716230076.385702,94800,-31.47557258605957
1716230090.289375,95000,-31.52265167236328
1716230256.9379935,97200,-31.278949737548828
1716230298.815218,97800,-32.70431137084961
1716230313.0839534,98000,-29.601865768432617
1716230341.075954,98400,-31.00489044189453
1716230368.903404,98800,-30.274089813232422
1716230799.662285,101600,-31.14679718017578
1716230869.47271,102600,-30.264509201049805
1716230910.4063864,103000,-31.486038208007812
1716230952.3433673,103600,-31.435626983642578
1716231049.8652914,105000,-31.549715042114258
1716231063.6778135,105200,-32.43137741088867
1716231160.5427873,106400,-30.33796501159668
1716231188.4094572,106800,-31.66236114501953
1716231202.4401624,107000,-30.044511795043945
1716231230.5828362,107400,-30.87843132019043
1716231244.455474,107600,-32.46596145629883
1716231286.5842416,108200,-26.80438804626465
1716231314.9171357,108600,-32.48985290527344
1716231397.4300346,109600,-30.8109188079834
1716231411.3146966,109800,-30.283100128173828
1716231537.0948954,111600,-30.462604522705078
1716231564.9181817,112000,-32.106239318847656
1716231634.0499694,112800,-31.34031105041504
1716231647.8877058,113000,-31.215755462646484
1716231717.9089117,114000,-31.654972076416016
1716231773.812749,114800,-31.2930965423584
1716231787.7993295,115000,-31.876298904418945
1716231829.8295157,115600,-31.412578582763672
1716231870.28797,116000,-32.194923400878906
1716231898.3154626,116400,-32.582359313964844
1716231912.0606492,116600,-30.361957550048828
1716231926.081799,116800,-33.5196647644043
1716231940.0152707,117000,-30.806921005249023
1716231968.2067719,117400,-31.305788040161133
1716231982.1220634,117600,-30.279251098632812
1716232052.7162397,118600,-30.62891387939453
1716232066.9116347,118800,-32.35908126831055
1716232177.4019494,120200,-33.2861213684082
1716232205.5510595,120600,-33.27485656738281
1716232288.8612266,121800,-30.324138641357422
1716232329.8266737,122200,-31.903793334960938
1716232399.3976827,123200,-33.88169479370117
1716232469.7835958,124200,-29.59825897216797
1716232497.6719196,124600,-32.247962951660156
1716232678.054532,127000,-31.917095184326172
1716232776.3509064,128400,-30.213722229003906
1716232803.1274703,128600,-30.438213348388672
1716232830.6518686,129000,-29.934677124023438
1716232844.7758188,129200,-32.93173599243164
1716232858.8160028,129400,-32.05718231201172
1716232872.662519,129600,-30.808015823364258
1716232900.7098749,130000,-32.017704010009766
1716232942.9233317,130600,-31.58521842956543
1716232999.1473477,131400,-31.7235107421875
1716233081.255043,132400,-32.02648162841797
1716233123.4763877,133000,-30.82704734802246
1716233179.2768764,133800,-33.16636276245117
1716233221.8577101,134400,-31.217052459716797
1716233235.9647436,134600,-29.08259391784668
1716233276.32797,135000,-33.68447494506836
1716233290.1187148,135200,-28.581119537353516
1716233317.8385797,135600,-31.314136505126953
1716233331.744645,135800,-30.434059143066406
1716233345.6891153,136000,-31.743894577026367
1716233387.3807356,136600,-31.475255966186523
1716233401.5341842,136800,-30.36264419555664
1716233443.8516517,137400,-32.904483795166016
1716233471.7954848,137800,-29.618003845214844
1716233485.7112653,138000,-32.019981384277344
1716233595.6964073,139400,-30.968961715698242
1716233637.693564,140000,-29.68375587463379
1716233693.3190525,140800,-34.379859924316406
1716233735.4232948,141400,-30.81417465209961
1716233776.1744666,141800,-31.763498306274414
1716233804.427167,142200,-34.35157012939453
1716233860.332292,143000,-30.02057647705078
1716233916.2410536,143800,-30.86675453186035
1716233957.9741724,144400,-31.688003540039062
1716233971.7754145,144600,-32.09876251220703
1716233998.088385,144800,-32.37041473388672
1716234012.0068932,145000,-31.79482650756836
1716234095.1786587,146200,-32.145748138427734
1716234179.0550177,147400,-34.87202453613281
1716234207.3467274,147800,-29.217517852783203
1716234233.9348521,148000,-32.00612258911133
1716234290.0420833,148800,-29.057653427124023
1716234331.7862277,149400,-31.587635040283203
1716234346.0724251,149600,-29.924882888793945
1716234388.1728678,150200,-31.455045700073242
1716234402.1188495,150400,-31.396709442138672
1716234415.8911383,150600,-30.795942306518555
1716234443.723637,151000,-32.302310943603516
1716234484.2385619,151400,-33.50642395019531
1716234568.1844237,152600,-33.10343551635742
1716234610.7466438,153200,-30.696544647216797
1716234624.6832428,153400,-29.922517776489258
1716234666.386324,154000,-34.85730743408203
1716234680.6628902,154200,-32.48677444458008
1716234707.435663,154400,-30.967153549194336
1716234735.4010694,154800,-30.024770736694336
1716234749.5382695,155000,-29.713722229003906
1716234832.829247,156200,-32.19768142700195
1716234889.1462653,157000,-29.21430778503418
1716234903.2920296,157200,-30.9838924407959
1716234944.2807133,157600,-31.2403621673584
1716234971.9287043,158000,-29.29987144470215
1716235000.1151347,158400,-32.16640853881836
1716235014.1472695,158600,-30.615821838378906
1716235027.9730036,158800,-32.85163116455078
1716235041.7962232,159000,-31.692750930786133
1716235055.8147318,159200,-35.01307678222656
1716235097.9092894,159800,-29.50864028930664
1716235154.4115107,160600,-30.851797103881836
1716235208.8634028,161200,-30.4780216217041
1716235236.9861245,161600,-30.290163040161133
1716235250.9250152,161800,-28.9416561126709
1716235264.903379,162000,-28.842117309570312
1716235348.587541,163200,-32.46952819824219
1716235362.3453696,163400,-30.955827713012695
1716235390.8882887,163800,-29.262704849243164
1716235445.1357348,164400,-30.749849319458008
1716235501.0156229,165200,-31.179645538330078
1716235542.764385,165800,-32.86716079711914
1716235584.6131577,166400,-32.38829803466797
1716235598.5604355,166600,-33.3683967590332
1716235626.4481091,167000,-30.15432357788086
1716235667.1969855,167400,-32.34842300415039
1716235695.483407,167800,-32.795448303222656
1716235765.6876721,168800,-30.001710891723633
1716235808.2965293,169400,-30.968704223632812
1716235836.0115402,169800,-33.53231430053711
1716236127.659059,173600,-28.260236740112305
1716236155.404511,174000,-32.09016036987305
1716236169.2840912,174200,-29.740095138549805
1716236224.934144,175000,-29.577476501464844
1716236253.355525,175400,-33.701560974121094
1716236308.9496229,176200,-31.42096710205078
1716236337.1350443,176600,-32.84885025024414
1716236377.5708373,177000,-32.691810607910156
1716236419.5781264,177600,-30.486530303955078
1716236447.7021036,178000,-31.204557418823242
1716236461.9478235,178200,-31.469573974609375
1716236489.9565713,178600,-32.87765121459961
1716236546.0356565,179400,-31.436725616455078
1716236614.6253333,180200,-32.11691665649414
1716236712.3912933,181600,-31.78298568725586
1716236726.6315017,181800,-29.598318099975586
1716236740.548272,182000,-33.24417495727539
1716236754.5524688,182200,-33.46255874633789
1716236782.51353,182600,-32.528839111328125
1716236837.99256,183200,-31.624727249145508
1716236851.8611977,183400,-30.807376861572266
1716236866.1086814,183600,-32.83596420288086
1716236907.7413027,184200,-31.569921493530273
1716236921.6093414,184400,-30.79303550720215
1716236935.5778515,184600,-32.73646926879883
1716236949.6373758,184800,-32.648895263671875
1716237061.984733,186400,-31.535480499267578
1716237089.075869,186600,-31.842212677001953
1716237130.5009387,187200,-31.221574783325195
1716237228.7916133,188600,-32.23067092895508
1716237270.6171858,189200,-30.406658172607422
1716237395.0641358,190800,-30.920228958129883
1716237409.1360419,191000,-30.853923797607422
1716237436.9382153,191400,-32.19158172607422
1716237451.1312656,191600,-30.71502113342285
1716237465.1374252,191800,-32.429405212402344
1716237507.6667674,192400,-32.0880241394043
1716237521.85851,192600,-32.5917854309082
1716237562.547712,193000,-33.243896484375
1716237590.2310643,193400,-31.874406814575195
1716237660.6308758,194400,-31.361656188964844
1716237674.574561,194600,-32.786468505859375
1716237730.399851,195400,-33.045997619628906
1716237744.3406801,195600,-31.26499366760254
1716237758.5054154,195800,-31.68610954284668
1716237772.505428,196000,-29.940654754638672
1716237827.2081077,196600,-32.941402435302734
1716237841.222298,196800,-30.886093139648438
1716237855.2882912,197000,-30.298139572143555
1716237897.22318,197600,-31.068607330322266
1716237911.1579115,197800,-32.508880615234375
1716238036.1121156,199400,-29.547277450561523
1716238313.6753898,200200,-31.736055374145508
1716238341.8267853,200600,-32.53573226928711
1716238369.9499106,201000,-28.982454299926758
1716238384.0751247,201200,-30.816556930541992
1716238426.4320378,201800,-31.141368865966797
1716238495.4733026,202600,-31.403474807739258
1716238509.906069,202800,-30.156293869018555
1716238524.0148985,203000,-30.125577926635742
1716238565.9827857,203600,-30.563404083251953
1716238678.0778844,205200,-30.95525550842285
1716238705.7870593,205600,-29.719942092895508
1716238774.436331,206400,-29.766151428222656
1716238788.3927813,206600,-31.494277954101562
1716238830.1617842,207200,-30.687347412109375
1716238857.9679806,207600,-32.84992218017578
1716238885.923771,208000,-31.54877281188965
1716238968.9574432,209000,-29.181739807128906
1716239067.1025846,210400,-30.00284194946289
1716239081.00051,210600,-31.11465835571289
1716239122.7939017,211200,-31.43573570251465
1716239150.972315,211600,-29.594627380371094
1716239248.0482395,212800,-29.84030532836914
1716239261.8737118,213000,-32.86533737182617
1716239289.918992,213400,-29.849754333496094
1716239317.7799332,213800,-30.519792556762695
1716239373.6582668,214600,-30.93072509765625
1716239443.119834,215400,-33.22087860107422
1716239471.3340614,215800,-32.11607360839844
1716239540.8791845,216800,-29.339412689208984
1716239555.0116484,217000,-32.435401916503906
1716239569.0518441,217200,-32.21234893798828
1716239679.382065,218600,-32.48763656616211
1716239693.102278,218800,-33.31864547729492
1716239776.9226024,220000,-32.26702117919922
1716239832.9818964,220800,-32.0490837097168
1716239846.8511324,221000,-32.92746353149414
1716239860.6992226,221200,-28.665346145629883
1716239998.8122993,223000,-34.669349670410156
1716240026.7385452,223400,-32.99838638305664
1716240068.8658974,224000,-33.868682861328125
1716240164.7316737,225200,-32.318603515625
1716240178.489558,225400,-29.73139190673828
1716240234.6584437,226200,-33.00552749633789
1716240276.7623098,226800,-34.07659912109375
1716240304.4320855,227200,-32.34820556640625
1716240512.5329857,230000,-31.08870506286621
1716240554.7606559,230600,-28.452173233032227
1716240596.531088,231200,-32.64897918701172
1716240610.3782728,231400,-34.49557876586914
1716240636.5812201,231600,-32.430999755859375
1716240678.5356529,232200,-32.34794235229492
1716240692.529932,232400,-31.74650001525879
1716240706.4827864,232600,-32.07143020629883
1716240971.5254889,236200,-33.1697998046875
1716240999.7791917,236600,-33.46134948730469
1716241013.7054577,236800,-32.88019943237305
1716241042.3031175,237200,-33.71931838989258
1716241056.531359,237400,-30.698524475097656
1716241152.424962,238600,-34.00337600708008
1716241166.3314462,238800,-32.22715377807617
1716241194.0766358,239200,-31.558109283447266
1716241222.3579113,239600,-30.161392211914062
1716241250.406091,240000,-34.07777786254883
1716241278.3181593,240400,-31.604089736938477
1716241320.7717,241000,-32.508544921875
1716241361.1512375,241400,-35.730064392089844
1716241388.963321,241800,-33.5301399230957
1716241416.8602574,242200,-33.003238677978516
1716241445.0029194,242600,-27.65938377380371
1716241472.902111,243000,-32.43040466308594
1716241625.514507,245000,-31.136754989624023
1716241681.5517719,245800,-30.617429733276367
1716241737.2736402,246600,-30.777114868164062
1716241751.3026712,246800,-33.120479583740234
1716241765.1917307,247000,-33.62471389770508
1716241793.127738,247400,-32.96426010131836
1716241848.3829033,248000,-30.698495864868164
1716241890.121409,248600,-32.55839157104492
1716241918.1746778,249000,-32.20661163330078
1716241960.0969079,249600,-31.62315559387207
1716242056.7992365,250800,-32.09981155395508
1716242084.6545887,251200,-35.530487060546875
1716242112.7123106,251600,-32.23579025268555
1716242126.6728957,251800,-33.04383850097656
1716242168.9458005,252400,-32.74351501464844
1716242182.854513,252600,-32.22216796875
1716242196.8217223,252800,-32.85612869262695
1716242238.6978827,253400,-33.16609573364258
1716242363.875913,255000,-33.919212341308594
1716242434.035195,256000,-31.767349243164062
1716242462.0755343,256400,-31.78477668762207
1716242558.6793652,257600,-32.13331985473633
1716242614.2331617,258400,-32.22019958496094
1716242627.971303,258600,-30.187734603881836
1716242641.7885659,258800,-32.753021240234375
1716242655.6839328,259000,-33.423622131347656
1716242738.868187,260200,-31.036483764648438
1716242793.7137914,260800,-32.38016128540039
1716242891.5819888,262200,-36.095218658447266
1716242919.4999163,262600,-32.38048553466797
1716242961.6882346,263200,-30.936071395874023
1716242975.6793876,263400,-33.11685562133789
1716243030.2822096,264000,-30.214780807495117
1716243114.4351416,265200,-30.963727951049805
1716243142.18633,265600,-33.23500061035156
1716243183.943511,266200,-30.829904556274414
1716243238.7216763,266800,-30.23173713684082
1716243252.8469453,267000,-32.31365203857422
1716243266.8194358,267200,-31.38778305053711
1716243280.7886627,267400,-30.596694946289062
1716243294.884115,267600,-31.92811393737793
1716243378.7275164,268800,-32.10593032836914
1716243475.7191658,270000,-31.03850555419922
1716243560.28263,271200,-32.28375244140625
1716243644.8698545,272400,-31.27809715270996
1716243728.6724913,273400,-33.52833938598633
1716243784.870836,274200,-32.10092544555664
1716243883.4191782,275600,-31.95995330810547
1716243911.510022,276000,-32.665748596191406
1716243965.884299,276600,-31.650440216064453
1716243993.7545953,277000,-31.342529296875
1716244007.7230272,277200,-33.31708526611328
1716244050.0002844,277800,-32.70329666137695
1716244063.9557884,278000,-31.073688507080078
1716244092.0416284,278400,-30.164661407470703
1716244106.0768447,278600,-35.02791976928711
1716244148.4930499,279200,-30.587894439697266
1716244399.983552,282600,-30.674575805664062
1716244414.1274405,282800,-31.181198120117188
1716244440.4529538,283000,-30.44725799560547
1716244510.0597138,284000,-31.928577423095703
1716244552.462354,284600,-33.275577545166016
1716244608.359579,285400,-32.63837814331055
1716244622.504286,285600,-30.21660614013672
1716244636.6152272,285800,-30.63313865661621
1716244705.4558232,286600,-31.78961944580078
1716244719.3378057,286800,-30.264629364013672
1716244733.2319603,287000,-29.116479873657227
1716244761.0712366,287400,-34.81230926513672
1716244816.8734376,288200,-31.369606018066406
1716244845.1986837,288600,-29.286357879638672
1716244969.9135427,290200,-30.576902389526367
1716245039.6219964,291200,-31.801685333251953
1716245053.362137,291400,-31.671630859375
1716245191.905201,293200,-30.855926513671875
1716245206.1089463,293400,-34.366981506347656
1716245360.0472476,295600,-30.046409606933594
1716245483.7917142,297200,-31.826913833618164
1716245497.7416692,297400,-33.21196365356445
1716245539.9639764,298000,-30.525596618652344
1716245567.9486449,298400,-31.28292465209961
1716245581.7848098,298600,-31.48202896118164
1716245928.0515907,300200,-33.52080154418945
1716245942.0742595,300400,-31.743120193481445
1716245955.8154142,300600,-30.85934066772461
1716245969.7713032,300800,-31.635066986083984
1716246011.6156547,301400,-32.26233673095703
1716246040.2055438,301800,-31.541481018066406
1716246054.1889265,302000,-33.827392578125
1716246080.4863849,302200,-34.01671600341797
1716246192.1993327,303800,-32.95533752441406
1716246262.261531,304800,-32.20056915283203
1716246276.1922693,305000,-30.847110748291016
1716246330.6620505,305600,-32.370140075683594
1716246428.2127008,307000,-31.772022247314453
1716246456.7935555,307400,-33.37063980102539
1716246609.5001686,309400,-31.471187591552734
1716246679.5548308,310400,-29.982440948486328
1716246693.643104,310600,-34.48884582519531
1716246721.672752,311000,-32.92402267456055
1716246735.8173215,311200,-34.21550750732422
1716246832.4341586,312400,-32.00276565551758
1716246930.6252902,313800,-30.691761016845703
1716246944.413812,314000,-32.819725036621094
1716247083.5514922,315800,-30.306262969970703
1716247139.429854,316600,-34.68219757080078
1716247167.1853426,317000,-31.81216812133789
1716247223.278988,317800,-33.657047271728516
1716247361.7662718,319600,-30.160634994506836
1716247389.4209797,320000,-30.54031753540039
1716247431.2214518,320600,-31.120548248291016
1716247459.3665876,321000,-31.879474639892578
1716247473.1595008,321200,-33.05635452270508
1716247556.3348327,322200,-29.8973331451416
1716247598.1783535,322800,-31.04627799987793
1716247667.9500482,323800,-32.13143539428711
1716247695.8948085,324200,-30.484386444091797
1716247792.2283452,325400,-30.759166717529297
1716247806.481616,325600,-32.61890411376953
1716247820.2991507,325800,-31.659080505371094
1716247875.7576787,326600,-31.7442684173584
1716247946.197664,327600,-34.23080825805664
1716248000.951323,328200,-32.8065071105957
1716248028.8082144,328600,-30.69734764099121
1716248070.9818618,329200,-32.31214141845703
1716248112.629026,329800,-32.888519287109375
1716248168.2660573,330600,-35.187896728515625
1716248278.2842662,332000,-34.40618896484375
1716248292.682696,332200,-33.17985916137695
1716248306.7020133,332400,-31.634536743164062
1716248405.0219715,333800,-32.43626403808594
1716248433.1330912,334200,-31.824872970581055
1716248474.174738,334600,-34.56146240234375
1716248516.3935587,335200,-31.700685501098633
1716248530.3889625,335400,-31.636219024658203
1716248613.9082649,336600,-32.85066223144531
1716248628.2436967,336800,-30.816486358642578
1716248754.39098,338400,-31.761112213134766
1716248796.2191815,339000,-34.001041412353516
1716248809.951001,339200,-31.660961151123047
1716248823.8247287,339400,-31.73060417175293
1716248837.6838217,339600,-32.93290710449219
1716248865.5434523,340000,-31.633169174194336
1716248907.5365,340600,-35.78123092651367
1716249018.3887563,342000,-36.13090515136719
1716249032.2545657,342200,-35.24857711791992
1716249101.9649403,343200,-30.932851791381836
1716249130.520979,343600,-33.229854583740234
1716249144.4360178,343800,-30.57822608947754
1716249171.5671747,344000,-29.44398307800293
1716249297.548534,345800,-33.10637664794922
1716249353.6690955,346600,-31.025287628173828
1716249381.5520635,347000,-29.891794204711914
1716249408.1244628,347200,-31.179380416870117
1716249435.8496683,347600,-29.983518600463867
1716249506.3039637,348600,-31.928510665893555
1716249520.199111,348800,-30.762849807739258
1716249548.2555552,349200,-32.902156829833984
1716249562.2287722,349400,-30.99458885192871
1716249576.3917046,349600,-32.03902053833008
1716249618.2794762,350200,-29.802642822265625
1716249658.8260984,350600,-33.71397399902344
1716249687.0542908,351000,-33.04816436767578
1716249813.2515872,352800,-34.49086380004883
1716249855.307862,353400,-32.43955993652344
1716249994.002391,355200,-33.00409698486328
1716250077.7642295,356400,-32.94379806518555
1716250091.8404498,356600,-29.381040573120117
1716250188.9170523,357800,-31.68619728088379
1716250202.8346088,358000,-32.45838928222656
1716250216.830925,358200,-34.14019012451172
1716250330.0157704,359800,-31.597171783447266
1716250426.4533284,361000,-32.27231979370117
1716250440.2332125,361200,-34.77590560913086
1716250552.2061095,362800,-33.36903762817383
1716250566.1541815,363000,-31.17534065246582
1716250621.000941,363600,-31.534616470336914
1716250662.901454,364200,-34.02971649169922
1716250718.4992678,365000,-31.568195343017578
1716250746.7781553,365400,-29.35001564025879
1716250802.772853,366200,-34.14727020263672
1716250900.051383,367400,-34.2039680480957
1716250956.1518376,368200,-33.48844528198242
1716250970.2550716,368400,-33.65505599975586
1716251011.8732042,369000,-32.121376037597656
1716251095.4305277,370000,-32.71780776977539
1716251151.3295336,370800,-32.93199157714844
1716251179.301335,371200,-32.93743133544922
1716251207.5148268,371600,-28.82014274597168
1716251235.6144414,372000,-30.32617950439453
1716251346.0753925,373400,-32.37151336669922
1716251373.8830643,373800,-32.81397247314453
1716251387.9757755,374000,-35.15738296508789
1716251472.6369169,375200,-32.60195541381836
1716251486.6352942,375400,-31.698883056640625
1716251500.9943264,375600,-33.51060485839844
1716251528.919129,376000,-32.9403076171875
1716251569.3413434,376400,-32.30550765991211
1716251737.1272304,378800,-32.61015701293945
1716251876.111628,380600,-31.917098999023438
1716251932.1151924,381400,-29.429031372070312
1716252001.8515081,382400,-35.51177978515625
1716252028.4682055,382600,-34.68132781982422
1716252098.479094,383600,-32.02582550048828
1716252112.6063626,383800,-32.55326461791992
1716252126.6613853,384000,-34.204132080078125
1716252182.4356704,384800,-33.69932556152344
1716252196.5372026,385000,-31.628713607788086
1716252293.455504,386200,-34.268310546875
1716252349.7416487,387000,-33.67942428588867
1716252363.9201477,387200,-35.96634292602539
1716252378.4234068,387400,-32.54080581665039
1716252406.6189775,387800,-32.596290588378906
1716252420.684659,388000,-30.889802932739258
1716252503.3181074,389000,-33.850067138671875
1716252545.2286232,389600,-31.525436401367188
1716252572.9726996,390000,-33.54475784301758
1716252614.9556375,390600,-32.278961181640625
1716252657.0737998,391200,-32.573951721191406
1716252698.8920846,391800,-32.03298568725586
1716252739.579026,392200,-32.90877151489258
1716252837.333279,393600,-31.546321868896484
1716252865.2598011,394000,-33.31203842163086
1716252893.4811113,394400,-31.575366973876953
1716253032.3317811,396200,-34.476593017578125
1716253046.5328865,396400,-33.744510650634766
1716253060.7257626,396600,-34.78886032104492
1716253074.706615,396800,-29.587726593017578
1716253282.9891548,399600,-32.951194763183594
1716253561.5673876,400400,-30.91834831237793
1716253617.1536884,401200,-29.886634826660156
1716253631.0688763,401400,-34.20539093017578
1716253685.7194986,402000,-32.467952728271484
1716253700.063585,402200,-33.361995697021484
1716253742.0899382,402800,-31.422134399414062
1716253769.7155032,403200,-34.919883728027344
1716253797.671245,403600,-34.57803726196289
1716253867.530112,404600,-34.186370849609375
1716253922.2732553,405200,-32.04977798461914
1716253950.1302564,405600,-32.28251266479492
1716253992.385918,406200,-30.27669334411621
1716254034.37049,406800,-30.677091598510742
1716254076.5056815,407400,-32.23640441894531
1716254104.1188889,407800,-34.85523986816406
1716254158.1230361,408400,-29.56491470336914
1716254199.7006683,409000,-32.141597747802734
1716254213.795597,409200,-31.03287124633789
1716254255.4651525,409800,-32.38087463378906
1716254297.4473433,410400,-32.66353225708008
1716254435.4273272,412200,-33.23158645629883
1716254463.0798147,412600,-32.19516372680664
1716254532.6999338,413600,-32.74176025390625
1716254602.529577,414600,-33.59098434448242
1716254629.407829,414800,-31.49406623840332
1716254643.3135211,415000,-31.529356002807617
1716254671.0487325,415400,-32.196990966796875
1716254685.1519544,415600,-34.85429763793945
1716254712.8334825,416000,-35.22438049316406
1716254740.6909592,416400,-33.8281364440918
1716254783.1799045,417000,-28.454763412475586
1716254797.479754,417200,-32.349124908447266
1716254866.4875245,418000,-30.764556884765625
1716254936.263817,419000,-33.01481246948242
1716254964.412793,419400,-32.45768356323242
1716255048.9198236,420600,-32.279685974121094
1716255062.7346373,420800,-31.685758590698242
1716255076.6517503,421000,-32.80472946166992
1716255103.5669026,421200,-32.46951675415039
1716255117.7996874,421400,-33.406402587890625
1716255159.6508632,422000,-34.45353317260742
1716255187.3070078,422400,-29.585411071777344
1716255243.4388645,423200,-31.18961524963379
1716255285.2851145,423800,-30.785737991333008
1716255313.0645292,424200,-30.99726104736328
1716255354.118202,424600,-30.98837661743164
1716255368.2591748,424800,-31.82823371887207
1716255382.2637513,425000,-32.689701080322266
1716255438.4322941,425800,-34.52272033691406
1716255494.816125,426600,-30.88024139404297
1716255508.7945344,426800,-33.99576950073242
1716255522.8505542,427000,-30.369892120361328
1716255591.5342822,427800,-32.0964469909668
1716255605.4949377,428000,-33.126163482666016
1716255633.7008088,428400,-32.381996154785156
1716255647.7070863,428600,-32.827857971191406
1716255675.4986713,429000,-33.55299758911133
1716255689.7050436,429200,-32.85374069213867
1716255703.9885156,429400,-32.131263732910156
1716255731.9902017,429800,-31.792203903198242
1716255745.9223928,430000,-33.58451843261719
1716255773.7159138,430400,-35.9802131652832
1716255828.2089937,431000,-34.678314208984375
1716255856.536212,431400,-32.787254333496094
1716255870.488244,431600,-32.207969665527344
1716255954.7576475,432800,-33.182193756103516
1716255968.8866265,433000,-30.19657325744629
1716255982.9074132,433200,-33.244354248046875
1716256051.6932104,434000,-32.306182861328125
1716256079.5511477,434400,-33.2834358215332
1716256107.2059095,434800,-32.78936004638672
1716256163.5384383,435600,-30.92255401611328
1716256315.6276858,437600,-33.769935607910156
1716256343.6630032,438000,-33.57892608642578
1716256371.746999,438400,-33.08031463623047
1716256385.7713113,438600,-34.95808029174805
1716256441.7271256,439400,-33.74340057373047
1716256469.6420891,439800,-33.514400482177734
1716256483.9061728,440000,-31.66773223876953
1716256497.9085326,440200,-30.87866973876953
1716256553.0715773,440800,-30.804115295410156
1716256608.9918904,441600,-31.994991302490234
1716256622.9316814,441800,-32.74884796142578
1716256665.3865395,442400,-34.22940444946289
1716256707.5394657,443000,-36.215003967285156
1716256860.4676628,445000,-32.54114532470703
1716256874.4601502,445200,-32.870521545410156
1716256916.6184666,445800,-32.351402282714844
1716256930.5970163,446000,-33.732059478759766
1716256958.5234597,446400,-30.763132095336914
1716257013.6132088,447000,-34.15748977661133
1716257041.7838664,447400,-31.53049087524414
1716257055.7774217,447600,-31.95026206970215
1716257084.0027342,448000,-32.15888595581055
1716257097.8566542,448200,-33.052825927734375
1716257111.8916276,448400,-33.26325607299805
1716257125.9161148,448600,-33.323909759521484
1716257154.0273073,449000,-31.267642974853516
1716257181.832399,449400,-32.58168411254883
1716257195.673752,449600,-29.19562339782715
1716257263.4817047,450400,-34.22314453125
1716257277.4641223,450600,-27.989042282104492
1716257305.3444235,451000,-32.18004608154297
1716257346.9755652,451600,-34.84442901611328
1716257417.3394606,452600,-30.051971435546875
1716257597.996574,455000,-31.980247497558594
1716257654.0193357,455800,-31.95797348022461
1716257708.3214219,456400,-32.62363052368164
1716257778.459088,457400,-31.00404167175293
1716257806.6702137,457800,-33.944496154785156
1716257848.9001758,458400,-34.258914947509766
1716257932.7763464,459600,-34.18882751464844
1716257959.3354626,459800,-33.30238723754883
1716257987.2275207,460200,-31.93549156188965
1716258029.1157465,460800,-31.051616668701172
1716258071.4217763,461400,-32.002262115478516
1716258085.7214413,461600,-32.92787551879883
1716258099.8436673,461800,-30.63382911682129
1716258238.1757755,463600,-31.67325210571289
1716258252.3600519,463800,-34.4528923034668
1716258266.334784,464000,-35.24861145019531
1716258280.299835,464200,-33.75672912597656
1716258308.3398259,464600,-31.23472785949707
1716258336.3379805,465000,-33.42340087890625
1716258378.3103814,465600,-30.766756057739258
1716258460.8292158,466600,-32.59452438354492
1716258488.703311,467000,-34.46489334106445
1716258502.5654557,467200,-33.1413688659668
1716258516.6459274,467400,-33.46657180786133
1716258530.4516425,467600,-34.210594177246094
1716258643.5475261,469200,-33.59049606323242
1716258781.8906984,471000,-32.91092300415039
1716258852.1674535,472000,-32.44662857055664
1716258976.047824,473600,-30.794099807739258
1716258990.0382822,473800,-33.22589111328125
1716259031.7373624,474400,-32.29579162597656
1716259087.7105622,475200,-32.14033889770508
1716259197.2420382,476600,-31.618066787719727
1716259239.1318114,477200,-34.12457275390625
1716259281.235616,477800,-33.80545425415039
1716259295.3194928,478000,-33.61976623535156
1716259309.2820697,478200,-32.67677688598633
1716259337.3718536,478600,-35.206172943115234
1716259461.2540627,480200,-33.32294464111328
1716259489.4814713,480600,-35.039772033691406
1716259517.5837479,481000,-33.5579948425293
1716259545.5194988,481400,-34.2710075378418
1716259698.141491,483400,-32.06599807739258
1716259810.3951106,485000,-32.52428436279297
1716259824.6943462,485200,-34.003700256347656
1716259852.2451282,485400,-35.63108444213867
1716259911.4598186,486200,-35.495452880859375
1716259999.68602,487400,-32.630210876464844
1716260161.2905867,489000,-33.36735153198242
1716260283.2600908,490200,-31.888757705688477
1716260303.4919012,490400,-30.483381271362305
1716260324.1913116,490600,-32.68600082397461
1716260344.6196477,490800,-33.26283264160156
1716260385.4741957,491200,-33.92538833618164
1716260427.3184888,491600,-31.68564796447754
1716260505.452831,492200,-32.98102951049805
1716260635.0610695,493400,-33.57093811035156
1716260675.8113563,493800,-34.000160217285156
1716260830.16971,495200,-35.35539245605469
1716260904.510153,496000,-29.28784942626953
1716260934.3704417,496400,-35.2912483215332
1716260993.43309,497200,-32.19710922241211
1716261007.3716207,497400,-33.850372314453125
1716261034.995108,497800,-33.17803192138672
1716261117.9096184,498800,-31.0596981048584
1716261159.7134173,499400,-33.578956604003906
1716261188.0139964,499800,-30.468196868896484
1716261452.583995,500400,-31.8282470703125
1716261466.5453422,500600,-32.170841217041016
1716261480.3770125,500800,-32.71689224243164
1716261633.867188,502800,-34.64695358276367
1716261647.8480034,503000,-34.48861312866211
1716261678.1928527,503400,-32.43840789794922
1716261693.1281717,503600,-33.695404052734375
1716261708.5088108,503800,-34.62009048461914
1716261722.4093888,504000,-33.526954650878906
1716261777.5411284,504600,-33.9835319519043
1716261791.5763352,504800,-32.72119903564453
1716261820.0311804,505200,-30.928064346313477
1716261862.3688266,505800,-31.952665328979492
1716261890.3827057,506200,-33.507904052734375
1716261918.4054165,506600,-33.2850341796875
1716261946.4077215,507000,-32.62447738647461
1716262085.076262,508800,-36.917396545410156
1716262140.7415018,509600,-31.37542724609375
1716262168.6747282,510000,-31.88688087463379
1716262196.7430954,510400,-33.509239196777344
1716262224.599522,510800,-33.070777893066406
1716262279.2936442,511400,-34.546234130859375
1716262321.1603172,512000,-32.9490966796875
1716262406.5512285,513200,-31.598569869995117
1716262420.5834656,513400,-33.33150863647461
1716262476.262256,514200,-33.707420349121094
1716262530.58455,514800,-33.91036605834961
1716262572.2391615,515400,-34.060211181640625
1716262600.319479,515800,-32.37841033935547
1716262614.7791305,516000,-34.400779724121094
1716262670.8270693,516800,-32.179622650146484
1716262739.6592443,517600,-31.55940818786621
1716262781.4154778,518200,-36.055599212646484
1716262795.2681513,518400,-34.95341873168945
1716262809.4318156,518600,-33.619136810302734
1716262823.395613,518800,-31.2618465423584
1716262865.1629567,519400,-30.929529190063477
1716262920.4471807,520200,-31.771398544311523
1716263017.9789126,521400,-34.173622131347656
1716263032.0932872,521600,-34.32389450073242
1716263074.619849,522200,-31.431291580200195
1716263145.010623,523200,-34.270294189453125
1716263187.3331022,523800,-32.26891326904297
1716263214.0877914,524000,-32.98883819580078
1716263242.013535,524400,-33.23317337036133
1716263270.025906,524800,-32.170745849609375
1716263298.3609424,525200,-33.532955169677734
1716263312.3739278,525400,-31.131792068481445
1716263354.3776276,526000,-30.8994083404541
1716263368.3043942,526200,-31.914880752563477
1716263396.333613,526600,-33.73597717285156
1716263450.5682452,527200,-33.36023712158203
1716263464.7055995,527400,-33.21343231201172
1716263493.1433077,527800,-32.04335403442383
1716263577.6125727,529000,-34.98136901855469
1716263619.6988413,529600,-31.977519989013672
1716263661.6480732,530200,-35.7573356628418
1716263688.550761,530400,-32.495792388916016
1716263744.6295972,531200,-32.464290618896484
1716263829.5557363,532400,-32.64928436279297
1716264029.5077324,535000,-32.19691848754883
1716264085.774429,535800,-34.09653854370117
1716264114.1547856,536200,-32.096134185791016
1716264196.6709983,537200,-35.24642562866211
1716264238.667564,537800,-33.39441680908203
1716264266.8185568,538200,-31.562978744506836
1716264322.8835926,539000,-32.08564376831055
1716264405.5929015,540000,-33.614723205566406
1716264461.2612798,540800,-31.041486740112305
1716264517.4553664,541600,-33.304298400878906
1716264559.3111885,542200,-32.89524459838867
1716264698.4005258,544000,-34.541202545166016
1716264782.7759356,545200,-33.26242446899414
1716264934.5392683,547200,-30.445920944213867
1716264948.5432613,547400,-29.66643714904785
1716264962.821075,547600,-32.434139251708984
1716265004.6967328,548200,-33.89643096923828
1716265018.7153935,548400,-32.51883316040039
1716265088.6708403,549400,-32.42021560668945
1716265129.3002846,549800,-36.74081039428711
1716265185.0568767,550600,-32.25529098510742
1716265198.9213834,550800,-33.14545822143555
1716265212.884638,551000,-32.6425895690918
1716265227.2395878,551200,-33.02543640136719
1716265241.142925,551400,-31.51141357421875
1716265255.0933197,551600,-30.723772048950195
1716265268.8540218,551800,-32.12503433227539
1716265393.21455,553400,-29.917625427246094
1716265518.7468843,555200,-33.414955139160156
1716265727.1777818,558000,-32.46271896362305
1716265741.1951916,558200,-33.26191711425781
1716265755.0461097,558400,-33.37966537475586
1716265865.2841198,559800,-33.04613494873047
1716265934.92766,560800,-33.607765197753906
1716265977.0881908,561400,-34.39695739746094
1716266004.9671881,561800,-35.04618835449219
1716266018.9958222,562000,-33.32827377319336
1716266032.810882,562200,-30.83233070373535
1716266047.1950362,562400,-33.03487777709961
1716266115.8890858,563200,-34.93800354003906
1716266227.6440768,564800,-31.159887313842773
1716266241.7441204,565000,-33.216495513916016
1716266284.0532496,565600,-30.425390243530273
1716266325.2543797,566000,-32.289485931396484
1716266339.4428759,566200,-33.35903549194336
1716266367.7565236,566600,-32.085968017578125
1716266549.0753584,569000,-36.12310028076172
1716266576.7963638,569400,-32.810272216796875
1716266618.4029953,570000,-30.56365203857422
1716266646.60839,570400,-33.459625244140625
1716266716.5445287,571400,-33.6961669921875
1716266758.5307655,572000,-31.3110408782959
1716266813.170283,572600,-33.376766204833984
1716266938.1005347,574400,-34.007320404052734
1716266952.0331223,574600,-32.96870422363281
1716267048.2237153,575800,-32.56128692626953
1716267076.343719,576200,-33.47336196899414
1716267090.2790074,576400,-33.3096809387207
1716267173.9295912,577600,-32.478145599365234
1716267216.2496865,578200,-32.874446868896484
1716267230.517646,578400,-35.43508529663086
1716267313.1708128,579400,-34.0340461730957
1716267340.7987618,579800,-33.26484680175781
1716267368.7767801,580200,-33.938148498535156
1716267410.5588155,580800,-33.24407196044922
1716267424.5663404,581000,-31.23676300048828
1716267438.9840658,581200,-33.20945739746094
1716267549.0229645,582600,-34.09592056274414
1716267618.824422,583600,-31.35729217529297
1716267646.8042114,584000,-33.1029167175293
1716267660.7020874,584200,-31.259780883789062
1716267674.7484624,584400,-32.15766906738281
1716267743.3641324,585200,-32.78705596923828
1716267841.429622,586600,-33.58751678466797
1716267897.5868645,587400,-31.370412826538086
1716267938.9956424,588000,-35.8687858581543
1716267965.9305115,588200,-34.6562385559082
1716267993.6771932,588600,-34.56214904785156
1716268105.3150618,590200,-33.014278411865234
1716268175.3892539,591200,-35.41764450073242
1716268355.8826213,593600,-32.77744674682617
1716268438.359364,594600,-35.38874053955078
1716268466.3003893,595000,-34.57222366333008
1716268480.4848466,595200,-31.6960506439209
1716268522.2048352,595800,-31.734542846679688
1716268536.1649463,596000,-33.733665466308594
1716268661.6721807,597800,-29.909561157226562
1716268757.7395487,599000,-33.991634368896484
1716268813.6097152,599800,-32.75554656982422
1716269166.8207135,600800,-31.049665451049805
1716269207.1311011,601200,-34.724449157714844
1716269234.8478477,601600,-32.61537170410156
1716269262.6433697,602000,-35.19025802612305
1716269291.0433955,602400,-31.705286026000977
1716269333.4829547,603000,-34.27582931518555
1716269347.4078588,603200,-33.196895599365234
1716269361.3563688,603400,-31.729076385498047
1716269403.9816191,604000,-33.14314651489258
1716269417.8325624,604200,-33.19265365600586
1716269444.6358004,604400,-31.822473526000977
1716269458.445181,604600,-32.6618766784668
1716269500.5214436,605200,-33.86977767944336
1716269514.3794913,605400,-31.944358825683594
1716269528.3162313,605600,-31.924997329711914
1716269570.6679165,606200,-31.56995391845703
1716269584.5863025,606400,-32.22401428222656
1716269612.4255219,606800,-34.29664611816406
1716269626.4850101,607000,-33.73801803588867
1716269695.5799994,607800,-32.889278411865234
1716269723.363456,608200,-31.908662796020508
1716269737.328311,608400,-35.782989501953125
1716269751.3184483,608600,-34.61454772949219
1716269807.034274,609400,-33.4516487121582
1716269835.0242953,609800,-31.543458938598633
1716269862.8365078,610200,-33.28397750854492
1716269917.3315573,610800,-34.46208190917969
1716270043.883675,612600,-33.57476806640625
1716270085.768068,613200,-31.600765228271484
1716270113.8214488,613600,-33.8889045715332
1716270154.1885574,614000,-32.112396240234375
1716270181.9234676,614400,-33.559471130371094
1716270209.720662,614800,-33.78083801269531
1716270251.7935214,615400,-32.87215805053711
1716270335.7955768,616600,-32.525665283203125
1716270404.324484,617400,-33.472721099853516
1716270432.239778,617800,-32.00797653198242
1716270474.0127385,618400,-34.52231979370117
1716270530.5621927,619200,-34.13298034667969
1716270586.5043995,620000,-31.700027465820312
1716270656.291252,620800,-31.410573959350586
1716270712.0322585,621600,-34.584678649902344
1716270795.9311125,622800,-33.26103591918945
1716270837.7993202,623400,-32.750911712646484
1716270906.2200487,624200,-34.51810836791992
1716270934.2172859,624600,-33.898651123046875
1716270990.1178162,625400,-32.44841766357422
1716271004.560677,625600,-31.5222225189209
1716271115.8133817,627000,-33.533050537109375
1716271157.655855,627600,-35.77670669555664
1716271171.4777546,627800,-37.444358825683594
1716271240.8471096,628800,-32.720855712890625
1716271254.786778,629000,-33.479305267333984
1716271268.7061172,629200,-33.25125503540039
1716271296.8309999,629600,-33.89192199707031
1716271350.9501958,630200,-32.768192291259766
1716271420.7521815,631200,-32.884098052978516
1716271462.9253905,631800,-35.5287971496582
1716271476.9463477,632000,-31.15471839904785
1716271505.1847131,632400,-30.538959503173828
1716271601.5321136,633600,-31.926029205322266
1716271741.4742086,635600,-31.602306365966797
1716271851.8189833,637000,-34.192138671875
1716271894.0984805,637600,-33.571041107177734
1716271907.9536548,637800,-32.688682556152344
1716272005.7918835,639200,-32.31520080566406
1716272019.5786586,639400,-32.871341705322266
1716272046.0521092,639600,-32.56901931762695
1716272060.0810926,639800,-32.5488166809082
1716272074.1989393,640000,-32.89143753051758
1716272129.94902,640800,-33.500972747802734
1716272171.596094,641400,-32.05998611450195
1716272268.774895,642800,-32.812599182128906
